16.72,15.78,239655616,3.79267,26,0.182704,4
16.71,15.64,242963398,-4.42849,19,0.187852,4
16.38,15.6,138428495,-2.47066,12,0.189994,4
16.63,15.82,151379173,1.63831,5,0.185989,4
17.39,16.18,154387761,5.93325,97,0.175029,2
17.48,16.97,114691279,0.230814,90,0.172712,4
17.68,17.28,80023895,-0.632547,83,0.173611,4
17.15,15.96,132981863,-1.76678,76,0.179856,4
16.94,16.13,109493077,-1.36823,69,0.180941,4
16.75,15.42,114332562,-3.31725,62,0.187149,4
16.33,15.43,130374108,1.00313,55,0.18622,4
17.24,16.26,95550392,4.33455,48,0.175541,2
45.6,43.11,45102042,2.44804,89,0.405771,2
46.25,44.01,25913713,4.63801,82,0.389189,2
46.71,44.71,38824728,-0.0651749,75,0.391304,2
46.27,43.42,51427274,-4.7557,68,0.410397,4
44.23,43.15,39501680,-0.70247,61,0.410771,4
46.79,43.88,43746998,6.34668,54,0.385027,2
46.93,45.53,28564910,-1.91728,47,0.395344,4
45.12,43.01,39654146,-3.13752,40,0.413508,4
44.68,42.75,38985037,-0.0228676,33,0.411711,2
45.54,43.53,37613429,0.957592,26,0.406504,2
44.47,42.19,41757526,0.706794,19,0.407516,2
45.61,44.1,30798332,1.87709,12,0.394823,2
70.1,66.0,36258120,4.88284,33,0.605362,2
70.5,68.35,18834664,0.93633,26,0.599401,1
72.99,70.23,29594221,1.15721,19,0.585938,1
72.82,69.0,34929673,-3.2019,12,0.606673,1
71.64,69.12,22770062,3.06093,5,0.5884,2
72.99,71.15,21809411,0.99398,89,0.582201,1
73.04,71.09,15989248,0.467675,82,0.575027,1
74.29,70.0,26258425,-0.0691085,75,0.580913,1
72.9,68.6,27527285,-0.92452,68,0.584958,1
72.5,69.91,25556296,0.0558659,61,0.586265,1
71.23,67.34,29746370,-2.90853,54,0.607815,1
73.5,70.03,24423545,4.33917,47,0.572675,2
14.69,13.8,1453438639,2.88809,54,0.0701754,4
15.25,14.09,760935694,7.62174,47,0.0655738,4
15.16,13.94,982445809,-5.50398,40,0.0701754,4
14.26,13.4,1054415375,-4.5614,33,0.0735294,4
14.47,13.64,757192224,4.23049,26,0.069979,4
14.87,14.35,746465458,1.79187,19,0.0677048,4
14.95,14.69,458423511,-0.13541,12,0.0677966,4
14.52,13.79,712456757,-1.25174,5,0.0704225,4
14.48,13.81,699671790,-1.05116,89,0.0708215,4
14.7,13.92,805210688,1.41044,82,0.069541,4
14.35,13.66,792380862,-1.54278,75,0.0712251,4
14.22,13.32,717678994,-6.05634,68,0.0749625,4
94.81,92.3,24135903,-0.688705,11,0.469433,1
94.7,92.51,19707235,0.858277,4,0.468035,1
96.8,92.37,28651009,-1.49745,89,0.474394,1
97.79,92.51,34929068,3.20354,82,0.459866,1
99.72,95.85,31169285,3.59929,75,0.441811,1
103.55,98.75,27632394,3.93495,68,0.424957,1
105.86,102.01,16331886,2.22093,61,0.415643,1
105.3,98.03,28146727,-2.72745,54,0.431373,1
104.43,99.35,29851515,0.311526,47,0.427019,1
104.45,97.01,38614049,-3.28757,40,0.439912,1
105.64,98.55,54195667,2.40764,33,0.418808,1
110.15,105.64,37837456,2.04864,26,0.403337,1
21.0,20.38,303545878,2.54279,81,0.286123,4
21.23,20.7,154708263,1.2894,74,0.282885,4
21.33,20.5,193706863,-2.35627,67,0.289575,4
21.61,20.73,265687272,0.431862,60,0.28667,4
22.15,20.71,236334561,5.35117,53,0.272109,2
22.34,18.61,1000362015,-15.4229,46,0.320856,4
18.95,18.56,390258123,0.0530786,39,0.318302,4
18.74,18.23,285212201,-0.480513,32,0.321888,4
18.79,18.31,302059981,-1.18153,25,0.326087,4
18.37,17.76,311209442,-2.23312,18,0.334262,4
17.88,16.97,444161658,-3.76193,11,0.350058,4
17.64,17.2,284574143,-0.346021,4,0.347222,4
92.48,90.27,35556288,-0.512765,38,0.78956,1
92.85,90.12,28260512,2.06707,31,0.775611,1
93.94,91.58,27752622,0.903809,24,0.767754,1
94.97,92.93,42303108,-0.55384,17,0.771126,1
97.44,93.37,48766293,3.47363,10,0.741427,1
98.23,95.7,38838595,-0.853207,3,0.746501,1
98.72,95.5,28037827,3.37173,89,0.739465,1
103.94,99.23,57897831,2.89227,82,0.714985,1
104.99,102.18,48214502,1.43723,75,0.703614,1
104.77,97.6,43673568,-4.0242,68,0.730511,1
103.97,97.98,56186791,3.67084,61,0.710117,1
107.01,103.2,39606692,2.81148,54,0.683649,1
50.54,49.28,27658789,-0.579421,35,0.823955,3
49.8,47.2,34546875,3.10559,28,0.823293,2
50.14,47.65,25611091,-2.38239,21,0.847983,3
50.66,48.26,45429653,3.81916,14,0.815271,2
52.63,50.09,31069977,4.74576,7,0.780506,2
54.75,52.51,37155830,3.72482,0,0.751191,2
55.98,53.8,27705910,2.8288,82,0.732404,2
55.3,52.36,33190716,-1.60146,75,0.758276,3
54.95,52.76,32958368,-0.645518,68,0.761092,3
54.49,51.82,27091813,-2.21811,61,0.775047,3
53.5,51.1,39779608,-0.357277,54,0.773731,3
54.64,52.89,24464568,0.557621,47,0.757856,2
40.0,37.62,72917621,4.531,336,1.01394,3
39.81,38.92,31943413,0.717765,329,1.01807,3
39.94,38.51,36187032,1.71487,322,1.00654,3
39.95,38.65,42131642,-1.99294,315,1.0296,3
40.77,38.64,53521486,4.27766,308,0.98256,3
44.05,40.71,83975520,6.39706,301,0.921447,3
43.9,42.98,33868302,0.85668,294,0.918274,3
43.28,41.6,56966763,0.280177,287,0.931315,3
44.34,42.97,53096584,1.23199,280,0.918484,3
43.61,42.16,41229388,-1.37836,273,0.931749,3
42.67,40.42,65060004,-3.30675,266,0.970167,3
43.24,40.87,40696371,3.64206,259,0.930882,3
18.72,18.12,280146510,-0.3245,38,0.759631,4
18.82,18.46,215626229,1.12843,31,0.74389,4
19.97,18.17,449508777,4.00421,24,0.70922,4
20.74,19.74,437317986,1.35474,17,0.693069,4
20.96,20.1,246591055,2.13612,10,0.680934,4
21.44,20.73,252254376,2.6962,3,0.656353,4
21.65,21.24,158691572,-0.32543,118,0.652985,4
21.21,20.08,268500170,-0.287356,111,0.67243,4
21.17,20.16,261175412,-2.7685,104,0.687285,4
20.79,19.94,303566341,-0.196078,97,0.687623,4
20.09,18.6,520516218,-3.55711,90,0.727273,4
19.93,19.25,227819072,0.355691,83,0.708861,4
35.57,34.18,56576860,-2.32955,60,0.727167,3
35.89,34.07,41918450,5.0644,53,0.696573,2
36.99,35.48,45249920,1.50125,46,0.684744,2
38.12,36.3,63397367,0.658256,39,0.681199,2
37.18,36.38,41844858,-0.888769,32,0.679348,4
37.48,36.41,36079400,1.84783,25,0.667022,2
38.48,37.27,30619613,2.69549,18,0.649688,2
39.38,36.78,54816070,-5.64885,11,0.674218,4
37.86,36.33,49763519,0.188425,4,0.671682,2
37.78,36.54,49156185,-0.322061,95,0.673129,3
36.94,35.43,52758908,-2.49187,88,0.694444,3
37.82,36.03,40337534,3.11381,81,0.668092,2
45.39,42.22,100020724,6.79773,66,0.177423,2
46.25,44.57,65464211,3.09853,59,0.172973,2
47.64,45.76,82623453,2.36238,52,0.169384,2
47.83,45.36,84066350,-2.52731,45,0.175786,4
47.52,45.13,74475624,4.44836,38,0.16867,2
49.39,47.61,84089936,1.94928,31,0.164474,2
49.12,47.54,49401750,0.454076,24,0.164372,2
48.55,42.08,211147488,-10.2796,17,0.187441,4
43.85,42.06,110702335,-1.04505,10,0.187749,4
43.05,41.26,85140794,-2.72727,3,0.191709,4
42.15,40.1,121051768,0.0242072,87,0.314618,4
43.28,41.35,78089358,1.62485,80,0.305667,2
148.86,146.64,23492843,0.489097,32,0.439397,1
150.0,146.0,15335348,2.04082,25,0.433333,1
156.78,149.38,35770931,3.79122,18,0.418006,1
164.35,155.33,32510483,2.43855,11,0.408266,1
164.2,158.68,25377163,3.02802,4,0.396341,1
166.25,163.18,26106753,-0.140176,84,0.457736,1
164.84,162.52,14352613,0.401998,77,0.454987,1
164.26,159.03,21443811,-0.788653,70,0.462164,1
164.31,159.41,21549118,-0.326435,63,0.463449,1
167.72,158.85,31119857,0.513614,56,0.461737,1
161.98,151.71,41827781,-3.27004,49,0.481108,1
162.74,157.07,25381792,2.87998,42,0.462449,1
21.21,20.27,386719626,-1.66587,27,0.871249,4
21.33,20.57,274111012,1.78658,20,0.85389,4
21.2,20.62,218479469,-0.998573,13,0.864553,4
21.94,20.93,325168191,2.0447,6,0.83877,4
21.71,21.03,277969054,0.603248,89,0.830258,4
21.86,21.35,236842359,0.0919963,82,0.827206,4
22.14,21.28,201181541,2.35784,75,0.813008,3
22.19,21.01,256135777,-0.410023,68,0.823422,4
22.08,21.35,291751623,-0.873563,61,0.834879,4
21.74,20.61,289874871,-3.78054,54,0.862482,4
20.88,19.71,347426088,-3.5334,47,0.903161,4
20.6,19.88,229150771,2.36181,40,0.883652,4
63.54,62.53,57774737,-0.0479004,49,0.86262,1
62.98,62.0,34950419,0.417402,42,0.863309,1
63.25,62.01,47999880,0.723356,35,0.861794,1
62.72,60.0,86229071,-4.07609,28,0.89985,1
60.99,59.69,63641929,1.13032,21,0.887574,1
61.17,60.42,42897125,-0.295664,14,0.889621,1
61.11,60.33,33273371,0.692042,7,0.883652,1
61.08,59.36,46786798,-1.71391,0,0.905433,1
61.5,59.77,63576642,1.88553,83,0.933508,3
61.1,59.11,53844149,-2.2917,76,0.954934,3
59.49,57.5,71716802,-1.54648,69,0.973194,3
59.16,58.5,47498000,0.528379,62,0.966429,3
44.95,42.64,234547885,1.48837,87,0.572869,4
44.97,43.0,144662779,3.79015,80,0.556669,2
45.54,43.6,182971761,0.599733,73,0.551998,4
45.88,44.26,154832501,-1.48197,66,0.561293,4
46.0,44.3,137430065,0.405314,59,0.560664,4
46.89,44.65,162434145,4.06704,52,0.536826,2
48.0,46.0,131941706,4.34783,45,0.520833,2
47.27,45.21,139540125,-1.10169,38,0.535561,4
47.18,45.07,139051830,-2.75582,31,0.549209,4
47.1,44.76,140414285,0.263043,24,0.546568,4
46.18,43.4,226413618,0.704535,17,0.546568,4
46.38,44.77,117959443,-0.907519,10,0.545137,4
31.76,31.14,44971770,-1.79471,81,0.929785,3
31.72,30.89,24955086,1.39114,74,0.925335,3
31.52,30.89,41200255,-0.191022,67,0.92504,3
31.77,30.5,55657855,-2.73973,60,0.949885,3
31.22,30.21,34764359,2.16181,53,0.929785,3
31.25,30.24,65912258,-1.66774,46,0.945858,3
30.93,30.26,38172345,0.782524,39,0.938208,3
32.2,30.66,50462721,3.22266,32,0.914538,2
31.88,31.28,55211152,-0.754243,25,0.918303,3
31.79,31.18,41766976,0.443599,18,0.914827,3
31.6,30.45,51736270,-1.65027,11,0.935786,3
31.49,30.43,41958399,1.55945,4,0.927703,2
65.88,62.56,59802189,-4.49302,63,0.74698,1
63.86,62.56,31297830,0.685805,56,0.744496,1
63.92,62.72,36000586,-0.696092,49,0.748765,1
63.31,62.14,42141599,-1.04979,42,0.755506,1
63.48,61.89,34863226,0.385109,35,0.751279,1
64.75,62.32,46269528,1.43609,28,0.739342,1
64.72,62.55,29937386,1.38213,21,0.728118,1
64.4,63.33,32331825,1.49937,14,0.730835,1
65.87,63.86,61665987,1.62069,7,0.720748,1
65.84,64.47,44560041,-0.780772,0,0.725197,1
64.61,61.29,59542953,-2.54896,87,0.749601,1
65.39,63.05,29853434,3.31063,80,0.720638,2
77.59,73.59,85400677,-3.54086,49,0.820223,1
74.49,72.46,44895850,-0.255892,42,0.823656,1
75.75,74.31,40056497,0.482251,35,0.813225,1
75.85,73.05,46734907,-1.3064,28,0.832424,1
74.5,73.08,41519549,0.338753,21,0.823768,1
76.32,73.3,39363816,2.71145,14,0.801156,1
76.45,75.7,16734140,0.0788747,7,0.801261,1
76.45,74.42,27881213,-1.98815,0,0.819452,1
76.63,73.64,41047787,2.03999,84,0.802315,1
77.25,74.97,34855064,0.458235,77,0.794995,1
76.41,72.89,40853280,-4.08673,70,0.835731,1
75.75,73.38,23877441,2.38095,63,0.810631,1
87.9,85.63,16166921,-0.599424,40,0.637829,1
88.8,85.7,11585909,2.80047,33,0.624291,1
89.39,87.25,10705548,1.65073,26,0.61597,1
90.5,87.2,26110543,-1.98408,19,0.629003,1
88.45,87.31,14960948,0.409417,12,0.622947,1
91.95,87.81,16315175,4.11705,5,0.599129,1
92.96,91.0,13431331,1.35194,89,0.591652,1
93.65,89.27,17249356,-2.67443,82,0.609418,1
93.4,90.24,17453306,0.31556,75,0.596594,1
94.16,89.71,18144593,-1.04774,68,0.600371,1
91.21,86.91,23633329,-2.44491,61,0.618116,1
92.98,90.17,14970403,2.21558,54,0.596077,1
37.35,35.85,72760487,2.92091,63,1.0174,3
37.61,34.23,108158891,-8.13204,56,1.11014,3
34.3,33.48,131132702,-0.498973,49,1.12094,3
33.99,33.0,110066602,-2.70668,42,1.14908,3
34.04,32.51,114880019,-1.20156,35,1.15537,3
33.3,32.74,62039482,0.394657,28,1.14908,3
33.19,32.65,54419625,-0.363967,21,1.15677,3
32.8,31.85,57467917,-1.70992,14,1.18049,3
33.36,32.19,128028062,2.67081,7,1.14943,3
33.48,32.45,91319466,-0.818182,0,1.16101,3
32.6,31.06,86394177,-1.81538,87,1.19085,3
32.9,32.04,66135182,1.49579,80,1.16672,3
28.85,27.77,328646154,1.96078,39,0.559441,4
28.5,28.0,227601331,0.35461,32,0.565371,4
28.74,28.02,220040646,-0.497159,25,0.571021,4
29.46,27.45,457318851,-0.963597,18,0.576577,4
28.11,27.42,274432773,0.0,11,0.576161,4
28.34,27.07,317408348,-1.97842,4,0.587156,4
27.37,26.6,228916129,-0.514706,88,0.591279,4
27.1,26.43,238628349,-0.85885,81,0.602637,4
26.86,25.8,298801508,-2.77257,74,0.61657,4
26.27,25.35,271799244,-1.72216,67,0.623053,4
25.76,24.68,379216242,-2.70694,60,0.645161,4
25.95,25.15,217545216,1.74742,53,0.624512,4
18.38,17.62,386804789,3.61582,26,1.09051,4
18.48,18.13,218359623,0.658617,19,1.09051,3
18.49,18.02,159663706,0.0544959,12,1.08932,3
18.76,18.14,277157388,-0.981997,5,1.10193,4
19.39,18.16,358819619,6.10225,96,1.03627,3
19.3,18.62,180912039,-2.28334,89,1.06213,3
19.39,18.72,153153528,1.96599,82,1.04221,3
19.13,18.67,177077740,-0.105932,75,1.06045,3
19.9,18.9,257979737,3.7467,68,1.01729,3
19.75,19.3,195391037,-0.86558,61,1.02722,3
20.29,19.15,457640533,3.75321,54,0.99108,4
20.5,19.74,215914627,0.147638,47,0.982801,3
65.08,64.0,52323352,0.170834,12,0.744186,1
65.53,63.4,41932473,1.75466,5,0.732489,2
65.95,65.05,46213962,0.39604,96,0.804127,1
66.95,63.14,70042160,-2.57967,89,0.825545,3
64.36,62.3,57201539,-1.14996,82,0.833202,3
64.97,63.8,51999812,1.2197,75,0.818786,1
64.8,63.4,36098973,-0.771605,68,0.824261,1
64.4,62.53,47748854,-1.39652,61,0.843412,1
63.65,61.56,59801160,-1.22611,54,0.854425,1
62.3,61.12,52731797,-0.822581,47,0.861929,1
61.39,59.7,66311521,-0.720839,40,0.874587,1
61.52,60.54,41351155,-0.131234,33,0.870565,1
30.1,28.66,157834347,-2.7965,30,1.49047,3
28.61,27.71,170616350,-0.385424,23,1.51249,3
28.59,28.15,130584257,-0.770578,16,1.51783,3
28.95,27.41,171464186,-3.40829,9,1.56421,3
28.06,27.2,118469916,2.00584,2,1.53736,3
28.59,27.63,128889979,1.78763,54,1.51036,3
28.57,28.0,88244232,0.598592,47,1.50508,3
28.42,27.61,94960503,-0.670904,40,1.52862,3
28.53,27.79,118740085,-1.16814,33,1.54011,3
28.89,27.73,139153253,1.82469,26,1.51089,3
28.42,27.27,153806769,-1.34181,19,1.53901,3
29.1,27.95,169105318,0.278067,12,1.49047,3
56.34,52.88,20010115,-4.92066,60,0.675042,1
54.84,52.96,14820631,2.84262,53,0.658979,2
55.24,54.07,13631048,0.695716,46,0.654545,2
57.78,54.97,26595621,1.21509,39,0.645046,2
57.52,55.81,27494461,2.86687,32,0.627068,2
59.12,56.97,19539527,2.91347,25,0.610273,2
60.92,58.53,14107769,3.53501,18,0.590939,2
61.15,59.05,20849299,-1.65016,11,0.604027,1
60.02,58.53,20284170,-0.704698,4,0.608314,1
59.72,57.88,15980871,-0.641242,89,0.696332,1
59.51,57.51,24832210,-0.701214,82,0.706166,1
59.28,57.99,14126721,0.924025,75,0.695151,1
79.75,78.4,15797841,-0.138906,40,0.543753,1
79.9,77.81,12713121,1.03488,33,0.543753,1
80.5,78.98,16471934,1.16044,26,0.53616,2
83.08,80.26,23565688,1.45776,19,0.528061,1
82.6,80.66,15689029,0.880196,12,0.521086,1
85.46,82.73,16641148,2.83645,5,0.504695,1
85.44,84.25,11922670,-0.0705302,89,0.564639,1
84.69,81.81,15551183,-1.38396,82,0.575747,1
84.24,81.42,19167224,-0.86145,75,0.57929,1
84.05,80.26,22004496,-2.10767,68,0.590551,1
81.23,77.05,26234929,-0.718355,61,0.598802,1
83.59,80.57,19032729,2.73063,54,0.574713,1
37.7,35.41,141938064,-0.36051,89,1.36376,3
36.58,34.98,130610954,-2.98222,82,1.38184,3
35.51,34.35,108296302,-1.21538,75,1.402,3
36.59,34.88,124127036,2.15023,68,1.37525,3
36.48,35.38,72890565,1.87991,61,1.34949,3
36.77,35.77,78429505,0.247934,54,1.34652,3
36.62,35.66,68915874,0.853759,47,1.33807,3
36.32,35.34,57673647,-0.745033,40,1.36225,3
36.94,35.85,80086312,0.0554631,33,1.35809,3
36.65,35.65,66137992,-0.774979,26,1.36681,3
35.84,33.36,124202175,0.279799,19,1.36719,3
37.32,36.37,79604168,1.71849,12,1.31403,3
55.07,53.76,64231179,-0.2766,61,0.684172,1
55.36,53.54,48929455,2.16216,54,0.675059,2
56.27,54.71,53009787,1.12502,47,0.663915,2
57.9,55.3,69546259,2.36505,40,0.652557,2
56.58,55.39,60981950,-0.744021,33,0.660361,1
56.73,55.3,49477410,-0.677724,26,0.664392,1
55.38,54.35,51556658,0.217155,19,0.668111,2
54.01,51.52,92696912,-3.82828,12,0.714976,4
52.6,51.68,74964203,0.618357,5,0.710582,2
53.88,51.75,69185186,0.631458,61,0.703556,2
52.52,50.97,63198175,-1.58548,54,0.718168,3
52.95,51.38,53385178,1.19853,47,0.706781,2
75.9,73.64,101740933,2.53663,52,0.582088,1
77.84,74.58,74376886,3.60708,45,0.565262,1
79.1,76.77,99941187,1.52976,38,0.557103,1
79.98,77.93,115376817,0.177552,31,0.557033,1
83.98,79.01,129743696,4.2042,24,0.528338,1
84.0,81.61,85733429,-0.754943,17,0.531273,1
85.1,81.8,93325562,3.04878,10,0.52071,1
88.23,84.73,122018405,0.435448,3,0.515585,1
86.56,83.55,102134160,-0.919995,68,0.552421,1
86.08,80.1,92727886,-4.33364,61,0.572333,1
82.64,78.8,123914255,-1.00404,54,0.581323,1
83.93,81.86,83364516,2.13754,47,0.562066,1
17.8,17.02,103320396,1.98482,41,0.171723,4
18.47,17.42,129237024,2.87026,34,0.167411,4
18.19,16.38,213061090,-8.52713,27,0.181598,4
16.97,15.88,85235391,3.72861,21,0.176783,2
17.24,16.66,90831895,0.354191,13,0.176471,4
17.96,16.83,225053559,-0.694847,6,0.174927,4
17.62,16.75,111630753,-0.34965,82,0.175439,4
17.29,16.26,118281015,-4.35294,75,0.184502,4
16.48,15.83,77236662,3.25815,68,0.182039,2
16.83,15.77,77152591,-4.8416,61,0.188442,4
16.03,15.17,94970970,-4.0201,54,0.196335,4
15.5,14.59,111273573,-3.72793,47,0.203804,4
15.6,14.56,99423717,3.81731,40,0.19698,2
46.29,45.11,28738689,-0.395257,5,0.396825,2
46.49,45.1,31114741,1.46898,82,0.388937,2
46.95,45.6,29090940,-0.237274,75,0.389189,2
47.48,45.27,22929313,2.74809,69,0.382084,2
49.15,46.77,32470319,4.00509,61,0.366748,2
50.47,49.08,43997724,1.68118,54,0.358566,2
50.46,49.22,35427164,-1.13863,47,0.36371,4
51.97,49.17,36565612,3.58155,40,0.351631,2
51.38,49.79,26359875,0.768624,33,0.352044,2
51.7,49.04,25215640,-4.10586,26,0.36526,4
49.38,47.33,33828918,-2.82923,19,0.377042,4
49.14,46.92,37705374,1.12594,12,0.371134,2
50.15,48.15,34877916,-0.0206825,5,0.372362,2
74.85,73.03,20590618,0.693878,40,0.567491,1
74.85,72.71,21220138,0.122649,33,0.571662,1
74.28,70.88,19492289,-1.42566,26,0.578512,1
75.44,71.75,16947409,3.74037,20,0.556734,2
80.34,74.68,30503034,5.65488,12,0.526448,2
80.65,78.09,25394946,-1.29434,5,0.529568,1
80.42,78.48,18368201,-0.353045,89,0.531444,1
78.81,75.83,19990094,-1.44928,82,0.541796,1
76.99,75.13,15886795,0.574788,75,0.545525,1
78.35,74.09,17813730,-3.80463,68,0.561197,1
75.27,72.61,18574466,-2.76886,61,0.577796,1
75.51,72.69,25381159,1.50561,54,0.566343,1
75.02,70.29,30675314,-3.65062,47,0.589391,1
13.61,13.16,499672763,-0.372578,61,0.0747943,4
13.88,13.37,480033181,0.597015,54,0.074184,4
13.64,12.82,670594575,-5.03704,47,0.0780031,4
12.6,12.15,624897506,-2.22399,41,0.0812348,4
12.6,12.23,557530217,-0.324675,33,0.0814332,4
12.71,12.2,577232010,-0.404531,26,0.0812348,4
12.43,11.91,623724296,-2.85016,19,0.0838223,4
12.11,11.53,658968285,-2.60723,12,0.0863558,4
11.69,11.29,479389107,1.91805,5,0.0855432,4
11.92,11.08,596420503,-4.97051,89,0.0886525,4
11.2,10.41,873241317,-3.39893,82,0.0925926,4
11.12,10.4,889460755,-1.92837,75,0.093633,4
10.94,10.48,603098073,-0.661001,68,0.095057,4
113.59,108.61,28116391,3.26821,19,0.388967,1
113.93,108.88,28772937,-3.45495,12,0.400656,1
110.3,105.35,30697889,-2.55408,5,0.410409,1
109.42,102.16,23938892,3.63705,88,0.420398,1
116.25,107.95,34522949,5.64811,80,0.398579,1
116.55,108.39,39678464,-5.07571,73,0.416893,1
112.97,106.02,38211403,-4.0343,66,0.432615,1
108.27,101.47,54274252,-1.45461,59,0.440909,1
104.6,100.3,30213720,3.25765,52,0.439771,1
106.6,99.15,35887587,-4.99013,45,0.454995,1
101.61,96.42,40431926,-3.45137,38,0.475256,1
98.45,94.2,43606429,-1.01104,31,0.479416,1
102.5,96.05,43722864,3.64805,24,0.459954,1
17.6,16.99,308644641,-1.84332,95,0.352113,4
18.29,17.0,539982011,3.76249,88,0.339943,4
17.76,16.97,324203125,-3.83964,81,0.352319,4
16.96,16.52,249420898,0.35545,75,0.354191,4
17.64,16.9,412492845,3.48494,67,0.342466,4
17.7,17.28,290282402,0.285551,60,0.341686,4
17.99,16.64,563552552,-3.70793,53,0.35545,4
16.87,16.34,371711669,-1.72414,46,0.362976,4
16.46,16.11,235050333,0.304692,39,0.36452,4
16.82,15.98,256069538,-3.49608,32,0.374766,4
16.17,15.01,412198054,-5.73566,25,0.396825,4
15.28,14.78,401380782,-1.12285,18,0.400802,4
15.64,14.92,429730443,-0.0669344,11,0.401875,4
109.65,105.52,35824123,1.80451,47,0.673929,1
109.94,107.51,31958307,1.0505,40,0.665694,1
109.9,103.13,42617245,-3.18936,33,0.687124,1
108.34,103.04,18873837,3.03001,27,0.675113,1
109.6,106.68,28004621,1.92791,19,0.667032,1
109.57,101.11,44930373,-6.0285,12,0.709565,1
104.95,100.41,43103424,-0.83293,5,0.71296,1
104.53,99.61,39951901,0.529256,89,0.711709,1
103.86,100.7,28858240,2.05676,82,0.707296,1
105.21,99.57,32206213,-3.45091,75,0.722772,1
101.87,98.98,35612426,-1.21903,68,0.732417,1
101.29,97.71,44845243,-0.869652,61,0.73611,1
102.46,97.0,42615162,-0.9911,54,0.745659,1
55.8,53.7,23341552,1.99593,40,0.742888,2
56.52,55.0,19685778,-0.18018,33,0.740072,1
55.81,53.17,24059673,-1.00992,26,0.746948,1
56.0,53.19,15537427,3.00295,20,0.733321,2
56.88,54.54,27349183,1.97522,12,0.721958,2
57.0,53.59,27498887,-3.17263,5,0.750503,1
56.13,52.55,27207924,-3.69494,90,0.774901,3
54.0,51.92,27511651,0.0,83,0.777399,3
52.56,50.5,24845668,1.56522,76,0.780061,3
53.39,50.11,25203572,-5.43437,69,0.815271,3
50.9,49.52,28186429,-1.0338,62,0.823624,3
50.63,48.64,36027620,-0.919448,55,0.827113,3
51.98,49.46,34797906,4.9697,48,0.789069,2
43.48,42.36,34130223,-0.787219,252,0.933489,3
43.05,41.4,39055258,-2.58922,245,0.957854,3
42.02,40.84,40820710,-0.574713,238,0.963391,3
42.46,40.45,24312043,3.17305,232,0.946298,3
43.35,41.71,30122091,1.79499,224,0.928074,3
43.79,42.3,35369886,-0.943179,217,0.928936,3
44.12,40.94,78855110,-4.15512,210,0.963391,3
41.84,40.68,50988843,0.581677,203,0.963855,3
41.52,40.55,34651349,0.899149,196,0.963391,3
41.99,39.17,52169227,-6.01432,189,1.01574,3
39.88,38.42,49099516,-1.73558,182,1.03896,3
38.86,37.77,54513950,-1.52731,175,1.05152,3
38.89,37.19,50409504,-0.713342,168,1.0644,3
20.5,19.53,207897262,2.67542,76,0.688299,4
20.75,20.07,238618636,-2.60492,69,0.693413,4
20.37,19.6,212315926,-0.988142,62,0.698603,4
20.54,19.51,182835072,0.91047,56,0.701754,4
20.85,19.89,280299000,1.53923,48,0.684597,4
20.71,19.81,235180053,-3.33333,41,0.69965,4
20.42,19.76,195448891,-0.400601,34,0.703871,4
20.05,19.41,228297982,-1.15869,27,0.713558,4
19.52,18.97,169411364,0.621118,20,0.720165,4
19.72,18.75,207576381,-4.36992,13,0.74389,4
18.8,18.14,260898990,-2.08445,6,0.764192,4
18.9,18.2,261979707,0.983069,90,0.811249,4
18.94,17.97,295978977,-2.01745,83,0.834725,4
37.87,36.62,52881329,0.266951,74,0.665602,3
37.96,37.21,47021433,-0.0533618,67,0.667379,3
38.4,37.17,42983064,1.92256,60,0.654965,2
38.5,37.2,24190528,0.265252,54,0.661376,2
37.71,36.94,61019095,-1.22308,46,0.672948,4
37.67,36.77,52439439,-1.20192,39,0.675858,4
37.43,36.7,41391929,0.216626,32,0.675493,2
37.94,36.55,53378802,0.981194,25,0.674764,2
37.0,36.0,40673778,0.0,18,0.694444,2
36.28,34.43,39307513,-4.28413,11,0.721917,4
35.02,33.42,45606663,-3.06979,4,0.746938,4
34.93,33.41,76297124,3.19785,74,0.724008,2
35.69,34.28,65416820,2.30388,67,0.712657,2
42.83,37.6,90069975,-3.39463,73,0.317228,4
41.8,40.2,87672936,0.123001,66,0.31941,4
41.55,40.12,70321527,-1.10538,59,0.322901,4
41.19,39.16,46244533,2.57758,53,0.317151,2
41.3,39.99,82362537,-1.68047,45,0.322021,4
41.52,39.8,70249698,0.294913,38,0.318549,4
41.74,40.22,63498759,-0.931601,31,0.321703,4
40.34,35.91,217523955,-10.4975,24,0.361312,4
36.96,35.44,106507716,3.87858,17,0.351732,2
37.52,36.0,79313559,-3.13841,10,0.360011,4
36.24,35.14,74301015,-2.05613,3,0.368794,4
35.32,33.95,134346312,-0.370054,87,0.342857,4
35.65,34.55,102774442,0.316183,80,0.34384,4
164.42,161.12,19081936,1.68998,35,0.456565,1
164.75,163.16,17615408,-0.225033,28,0.457178,1
166.34,162.3,22183383,1.69481,21,0.451236,1
168.28,162.19,23662621,2.21088,15,0.445686,1
173.0,167.23,26829625,1.74769,7,0.439676,1
173.54,167.5,29480567,-1.8709,0,0.444076,1
172.77,167.82,23505533,0.908605,87,0.441384,1
171.41,166.53,26027660,0.206113,80,0.440762,1
168.6,165.9,19453763,-0.593472,73,0.447761,1
169.89,164.13,23349972,-2.01259,66,0.454408,1
165.96,162.87,20646079,-0.958971,59,0.459615,1
165.1,161.52,29390025,0.0,52,0.456093,1
166.81,163.59,22984546,0.836897,45,0.454353,1
20.66,19.56,321390635,-3.5225,33,0.912779,4
20.2,19.36,286343950,1.1622,26,0.899101,4
20.2,19.41,231298341,-1.59442,19,0.911392,4
21.46,19.45,302470339,9.88223,13,0.83877,2
23.19,21.33,466579710,8.32943,5,0.777538,2
23.86,22.67,513891027,0.999131,89,0.903226,4
23.83,22.65,344755154,1.21055,82,0.897053,4
23.96,23.08,387571150,-0.428816,75,0.904393,4
23.03,22.21,210446967,-3.09773,68,0.94552,3
22.64,21.67,222978209,-3.20713,61,0.966406,4
22.44,21.26,249719951,-1.92661,54,0.982226,4
26.78,21.07,294273143,-1.11993,47,0.991033,4
21.74,21.06,309031457,0.0471921,40,0.990566,4
59.73,58.93,48029143,0.8647,55,0.958144,3
60.18,59.25,47141409,-0.0672269,48,0.958628,3
60.95,59.49,58631682,1.71313,41,0.941215,3
64.54,60.1,72888066,5.98842,35,0.889652,2
65.98,63.4,70745990,3.25216,27,0.867316,2
66.46,64.8,68840083,-0.986044,20,0.873295,1
67.37,65.07,66040498,2.31915,13,0.855599,2
66.79,65.28,53385097,-1.08417,6,0.867712,1
66.77,65.08,49866786,2.42368,91,0.853677,3
67.34,65.8,47426009,-1.81251,84,0.86246,1
67.28,65.18,52231924,0.333991,77,0.86246,1
67.36,65.47,58201928,-0.0452352,70,0.859858,1
66.75,64.69,56535090,-1.54358,63,0.876114,1
46.88,45.51,112702290,0.542299,3,0.539374,2
47.8,46.05,121937602,1.56114,84,0.533732,2
47.37,44.83,186017520,-4.48936,77,0.556917,4
44.97,43.53,113261188,0.926135,71,0.559534,2
46.02,44.38,107332185,2.19485,63,0.547885,2
46.07,44.76,131213937,-1.95908,56,0.555062,4
45.5,42.98,137013704,-3.57542,49,0.579374,4
44.35,42.65,145114846,0.372353,42,0.579643,4
42.92,41.69,119828886,0.919811,35,0.584249,2
43.38,40.83,145187926,-3.86216,28,0.601395,4
41.5,40.1,194764785,-0.121655,21,0.609013,4
42.44,39.7,183560880,-1.18673,14,0.612745,4
41.53,39.44,167589521,-2.49383,7,0.633072,4
31.7,31.06,38759730,0.829346,88,0.917431,3
31.88,31.35,34314135,-0.126143,81,0.915693,3
33.54,31.69,71530535,5.13709,74,0.869305,2
33.67,32.7,33399240,2.01711,68,0.868784,3
33.9,33.0,42547809,0.418535,60,0.863352,3
34.49,33.22,58969733,1.42857,53,0.850939,3
35.1,33.8,47572999,3.19432,46,0.831184,2
35.44,34.48,48017488,1.1194,39,0.823162,3
35.06,34.28,31660711,-0.629111,32,0.834532,3
35.0,34.05,38915498,-1.98333,25,0.85044,3
34.39,24.3,43535139,-0.821837,18,0.858242,3
34.72,33.76,44641104,1.65094,11,0.841067,2
34.98,33.87,39770714,0.610643,4,0.83815,2
67.48,65.03,39265955,3.09816,73,0.699197,2
67.82,66.86,32024467,0.0743826,66,0.698677,1
68.47,66.41,40595470,1.13011,59,0.691075,1
68.05,66.64,19831270,0.458783,53,0.692398,1
67.98,65.81,44603365,-0.721118,45,0.696709,1
67.93,66.4,33947562,-1.26919,38,0.702541,1
68.77,66.83,32166394,1.97427,31,0.689352,1
68.7,67.5,32520067,0.293686,24,0.688141,1
67.9,66.3,26066805,-1.59787,17,0.706661,1
67.24,65.21,31192400,-2.10636,10,0.717229,1
68.05,65.07,30422351,-0.183178,3,0.718764,1
66.23,64.64,43194922,0.798771,88,0.716245,1
66.82,64.43,49806614,-0.673092,81,0.723856,1
76.5,74.87,17977737,0.582396,56,0.802737,1
76.91,75.66,22337802,-0.35382,49,0.802209,1
77.54,75.83,21670715,1.61523,42,0.788317,1
78.41,76.4,17718174,0.0260112,36,0.793135,1
78.59,76.54,22923015,1.50356,28,0.778955,1
79.37,78.2,26460318,0.382653,21,0.775095,1
80.91,79.08,26573357,1.61087,14,0.755512,1
82.85,80.44,27816875,2.34958,7,0.740921,1
83.08,81.49,26628471,0.110389,0,0.747366,1
82.25,80.01,23382621,-1.93596,88,0.757388,1
82.23,80.0,31264251,-0.297767,81,0.759084,1
82.72,80.39,27515629,2.59853,74,0.739215,1
83.09,81.4,28303321,-0.58309,67,0.745357,1
94.33,91.9,14958061,0.768232,47,0.590572,1
94.1,92.6,12672220,0.58265,40,0.590002,1
94.64,91.75,15375510,-0.822737,33,0.592545,1
94.42,90.58,9718851,2.15358,27,0.585605,1
97.5,93.27,20655611,3.514,19,0.565785,1
97.95,94.4,17031494,-2.0291,12,0.575314,1
97.18,94.44,15657591,0.745016,5,0.572857,1
96.23,92.75,16596686,-2.07243,89,0.587858,1
93.47,91.38,11695384,1.27858,82,0.588424,1
94.68,90.19,12491882,-3.56194,75,0.606395,1
92.43,90.24,14734714,0.387254,68,0.606194,1
92.99,90.58,15549946,0.702216,61,0.599259,1
93.92,90.68,15126028,-0.579742,54,0.605127,1
33.48,32.39,60348951,1.62876,73,1.14908,3
33.7,33.01,64799122,0.989802,66,1.1286,3
34.97,33.27,85533686,2.46437,59,1.10113,3
34.29,33.51,47226349,-0.467836,53,1.11633,3
36.25,33.63,83960030,6.67656,45,1.05702,2
36.75,35.95,82810421,-0.137212,38,1.04424,3
37.3,36.1,59693542,2.68624,31,1.02481,3
37.65,36.69,74833386,0.0,24,1.02536,3
37.04,36.1,52416661,-1.25443,17,1.04943,3
36.76,35.76,46564832,-1.56636,10,1.06086,3
36.38,35.36,57259558,-0.70028,3,1.07193,3
35.88,34.99,57933495,1.02769,88,1.07375,3
35.97,34.5,63163236,-2.09691,81,1.09986,3
25.72,25.3,258143967,-0.701481,46,0.627944,4
26.31,25.41,260749872,2.43615,39,0.613732,4
26.25,25.09,229693684,-3.13097,32,0.630666,4
26.0,24.72,158547201,1.67331,26,0.626959,4
26.87,25.34,554889924,1.40845,18,0.617284,4
26.25,25.48,346656165,-0.269854,11,0.618477,4
25.96,24.95,382293426,-2.9845,4,0.639233,4
25.07,24.25,311462943,-1.88301,88,0.653328,4
25.03,24.03,213316051,2.27179,81,0.646204,4
25.1,23.84,246418070,-4.24679,74,0.669456,4
24.25,23.69,230307366,-0.83682,67,0.675106,4
29.05,23.65,280430166,1.97562,60,0.659522,4
24.86,24.16,309206180,0.537857,53,0.658436,4
20.57,20.11,170424399,-0.195886,40,0.981354,3
20.61,20.15,199157969,-0.437956,33,0.977517,3
20.75,20.33,209481824,-0.0973236,26,0.974184,4
20.88,19.79,143338656,-2.60827,20,1.01061,3
21.06,19.9,205782608,5.11278,12,0.953743,2
21.2,20.07,273973053,-2.79092,5,0.973236,4
20.99,20.45,180162306,1.89966,82,0.956023,3
21.28,20.68,249113161,-0.71977,75,0.966651,3
20.98,20.35,162550095,2.14739,68,0.955566,3
21.45,20.66,169014117,-0.761905,61,0.959693,3
20.97,20.04,196181321,-3.41018,54,0.99453,3
20.73,20.03,229372501,0.896414,47,0.987167,3
20.96,20.08,259247639,-0.049776,40,0.996016,4
62.3,60.61,43453701,1.6372,26,0.853737,2
62.33,61.47,38792072,-0.434293,19,0.85622,1
64.21,61.9,51918017,3.48275,12,0.825802,2
64.34,63.27,29487333,-0.628239,6,0.83768,1
65.1,62.6,53544624,2.88523,82,0.816641,2
66.5,64.9,55046479,0.0459841,75,0.812012,1
67.31,64.86,49677302,2.97243,68,0.792701,2
67.72,66.51,47738539,1.0501,61,0.786817,1
67.2,65.7,37114265,-0.898204,54,0.800604,1
67.0,56.57,37312488,-1.35685,47,0.810026,1
65.64,64.65,48599369,-1.00979,40,0.819165,1
65.22,63.33,46861128,0.0618716,33,0.819292,1
65.29,62.44,53025186,-2.97628,26,0.846781,1
30.97,28.9,384284485,5.51344,5,1.40431,3
31.0,29.99,148206324,-0.0975927,89,1.4002,3
30.84,30.01,108080405,-0.325203,82,1.40294,3
30.68,29.91,76563904,0.854701,76,1.40156,3
31.82,30.43,112339712,1.46723,68,1.38175,3
31.94,31.03,156030184,-1.07595,61,1.37556,3
31.79,31.05,92523592,0.673077,54,1.36899,3
31.77,30.9,102539987,0.0,47,1.37292,3
31.3,30.92,73854767,0.935484,40,1.37424,3
31.65,30.52,85085937,-2.63659,33,1.40294,3
30.61,30.11,95255686,-0.687398,26,1.41727,3
30.95,30.17,114504788,1.61823,19,1.39747,3
31.33,30.29,116043866,-0.717547,12,1.41261,3
60.01,58.37,16608737,1.04925,68,0.686652,1
60.0,59.11,12307164,-0.417851,61,0.68815,1
60.85,59.0,15459751,-0.0835422,54,0.685619,1
61.32,58.07,10135730,3.37154,48,0.668624,2
63.37,60.91,16046782,3.19635,40,0.647914,2
64.17,62.85,14335889,-0.204531,33,0.646382,1
64.09,62.18,14388418,-1.42338,26,0.657789,1
63.11,62.13,11795580,-0.431862,19,0.658635,1
62.0,60.36,12344531,-0.356333,12,0.66645,1
62.25,60.59,13535632,-1.24294,5,0.670154,1
61.68,58.71,18091902,-3.48818,89,0.692451,1
59.32,57.36,20647583,-2.02977,82,0.707873,1
58.28,56.12,20959450,-1.54594,75,0.723359,3
85.95,83.26,16314122,1.87463,47,0.562588,1
86.0,84.18,11690792,-0.992295,40,0.565971,1
85.56,82.7,17017620,-1.82353,33,0.575195,1
87.1,81.1,16859647,5.44794,27,0.551091,2
89.8,86.29,20800024,2.96552,19,0.535834,1
90.67,85.8,21797524,-0.910807,12,0.538056,1
90.18,88.35,17420630,0.112511,5,0.539447,1
89.25,86.65,22021867,-1.08524,89,0.548571,1
86.72,85.21,15097865,-0.0925819,82,0.556006,1
87.79,82.43,21179642,-4.32184,75,0.576646,1
84.52,82.6,20109892,-0.277342,68,0.580411,1
85.26,82.52,22074891,1.98987,61,0.567577,1
86.21,83.69,20775217,-0.0355619,54,0.569192,1
38.95,37.42,96766651,2.75107,5,1.27372,3
38.7,37.26,62429599,-2.10226,89,1.29905,3
38.0,37.34,55355691,0.264901,82,1.29458,3
38.0,36.91,37735134,-1.83511,76,1.32755,3
38.42,36.82,68330713,1.9153,68,1.29698,3
38.33,36.9,84281362,-2.73937,61,1.31438,3
37.68,36.95,50917728,-0.0536481,54,1.31508,3
37.41,36.8,53263954,-0.295223,47,1.31898,3
37.03,36.24,43400125,-0.217687,40,1.33624,3
36.99,35.6,50174214,-3.46789,33,1.37525,3
36.14,35.16,72100710,-1.06832,26,1.39244,3
35.92,34.94,69585912,0.794777,19,1.37989,3
36.17,35.2,82375230,1.83876,12,1.36111,3
52.74,51.89,44519431,-0.344102,40,0.709764,1
53.24,52.06,48382262,0.439686,33,0.704225,2
53.96,52.4,45662991,1.92234,26,0.690943,2
53.95,52.91,23073491,0.941974,20,0.690556,2
55.16,53.23,47159044,2.57463,12,0.672972,2
55.79,53.2,46668727,-0.108932,5,0.672483,2
56.03,54.7,42649301,1.36438,89,0.664034,2
56.47,54.95,56695842,-0.575436,82,0.669199,3
55.5,54.1,35560853,-0.364299,75,0.676417,3
55.22,53.04,48156051,-2.22303,68,0.689527,3
54.3,52.69,58746396,-2.1166,61,0.701821,3
53.29,51.79,68996550,-0.1701,54,0.700492,3
53.7,52.35,75602550,-0.550285,47,0.705972,1
84.94,82.61,77569311,0.97782,40,0.555031,1
86.22,84.07,75566590,2.0057,33,0.54683,1
86.15,82.38,81056144,-1.93136,26,0.557599,1
86.36,82.44,43378708,3.91048,20,0.544233,1
88.0,85.89,81596868,1.95851,12,0.534212,1
88.13,81.59,113805856,-6.14075,5,0.568388,1
83.76,79.42,99678100,-2.578,89,0.58118,1
82.58,79.6,86758820,1.68287,82,0.576192,1
82.63,80.07,68230855,3.00424,75,0.568801,1
83.75,80.18,78616295,-2.52161,68,0.57896,1
81.87,79.72,92380844,-1.42098,61,0.58912,1
80.82,78.33,100521400,-1.225,54,0.594786,1
81.12,76.78,118679791,-2.37762,47,0.612139,1

19

272
113
172
193
